{
  "roc_auc": 0.7308266059190411,
  "pr_auc": 0.13669478934711776,
  "accuracy": 0.7929040433129824,
  "balanced_accuracy": 0.6621504500172675,
  "precision": 0.11939969101743544,
  "recall": 0.517455762792922,
  "f1": 0.19402851250784542,
  "threshold": 0.53,
  "tn": 33334,
  "fp": 7980,
  "fn": 1009,
  "tp": 1082
}